LineNo,ExportDateTime,BRVersion,Cube,User,Entity,Parent,Cons,Scenario,Time,View,Account,Flow,Origin,IC,UD1,UD2,UD3,UD4,UD5,UD6,UD7,UD8,Amount
1,2026-07-09 17:46:50,"3.2","Finance","Jon Kunert","CO230","","BRL","Forecast_Jan2022","2022M1","Periodic","A65800","Input","Import","None","D410","CTY241","None","None","None","None","None","None",13657.362583333
2,2026-07-09 17:46:50,"3.2","Finance","Jon Kunert","CO230","","BRL","Forecast_Jan2022","2022M1","Periodic","Sub_Payers","Input","Import","None","D100","CTY241","None","PLT100","None","None","None","None",34878.000000000
3,2026-07-09 17:46:50,"3.2","Finance","Jon Kunert","CO230","","BRL","Forecast_Jan2022","2022M1","Periodic","Ending_PMC","Input","Import","None","D100","CTY241","None","PLT100","None","None","None","None",29239.000000000
4,2026-07-09 17:46:50,"3.2","Finance","Jon Kunert","CO230","","BRL","Forecast_Jan2022","2022M1","Periodic","MAU_28D","Input","Import","None","D100","CTY241","None","PLT100","None","None","None","None",299141.000000000
5,2026-07-09 17:46:50,"3.2","Finance","Jon Kunert","CO230","","BRL","Forecast_Jan2022","2022M1","Periodic","Net_Adds","Input","Import","None","D100","CTY241","None","PLT100","None","None","None","None",862.000000000
6,2026-07-09 17:46:50,"3.2","Finance","Jon Kunert","CO230","","BRL","Forecast_Jan2022","2022M1","Periodic","Reg_Pool_1_to_11","Input","Import","None","D100","CTY241","None","PLT100","None","None","None","None",2109779.000000000
7,2026-07-09 17:46:50,"3.2","Finance","Jon Kunert","CO230","","BRL","Forecast_Jan2022","2022M1","Periodic","Registrations","Input","Import","None","D100","CTY241","None","PLT100","Ch7000","None","None","None",107597.000000000
8,2026-07-09 17:46:50,"3.2","Finance","Jon Kunert","CO230","","BRL","Forecast_Jan2022","2022M1","Periodic","A65800","Input","Import","None","D420","CTY241","None","None","None","None","None","None",4261.974520834
9,2026-07-09 17:46:50,"3.2","Finance","Jon Kunert","CO230","","BRL","Forecast_Jan2022","2022M1","Periodic","A64000","Input","Import","None","D350","CTY241","None","PLT100","None","None","None","None",3273.881325000
10,2026-07-09 17:46:50,"3.2","Finance","Jon Kunert","CO230","","BRL","Forecast_Jan2022","2022M1","Periodic","NewHire","Input","Import","None","D400","CTY241","None","None","None","None","None","None",0.000000000
11,2026-07-09 17:46:50,"3.2","Finance","Jon Kunert","CO230","","BRL","Forecast_Jan2022","2022M1","Periodic","Registrations","Input","Import","None","D100","CTY241","None","PLT100","Ch7410","None","None","None",126814.000000000
12,2026-07-09 17:46:50,"3.2","Finance","Jon Kunert","CO230","","BRL","Forecast_Jan2022","2022M1","Periodic","A64000","Input","Import","None","D400","CTY241","None","PLT100","None","None","None","None",15325.338760000
13,2026-07-09 17:46:50,"3.2","Finance","Jon Kunert","CO230","","BRL","Forecast_Jan2022","2022M1","Periodic","NewHire","Input","Import","None","D325","CTY241","None","None","None","None","None","None",0.000000000
14,2026-07-09 17:46:50,"3.2","Finance","Jon Kunert","CO230","","BRL","Forecast_Jan2022","2022M1","Periodic","A67000","Input","Import","None","D100","CTY241","None","PLT100","None","None","None","None",45289.000000000
15,2026-07-09 17:46:50,"3.2","Finance","Jon Kunert","CO230","","BRL","Forecast_Jan2022","2022M1","Periodic","A64000","Input","Import","None","D410","CTY241","None","PLT100","None","None","None","None",16388.835100000
16,2026-07-09 17:46:50,"3.2","Finance","Jon Kunert","CO230","","BRL","Forecast_Jan2022","2022M1","Periodic","A64000","Input","Import","None","D420","CTY241","None","PLT100","None","None","None","None",4721.119425000
17,2026-07-09 17:46:50,"3.2","Finance","Jon Kunert","CO230","","BRL","Forecast_Jan2022","2022M1","Periodic","A64000","Input","Import","None","D115","CTY241","None","PLT100","None","None","None","None",4239.073300000
18,2026-07-09 17:46:50,"3.2","Finance","Jon Kunert","CO230","","BRL","Forecast_Jan2022","2022M1","Periodic","Resubs","Input","Import","None","D100","CTY241","None","PLT100","None","None","None","None",2308.000000000
19,2026-07-09 17:46:50,"3.2","Finance","Jon Kunert","CO230","","BRL","Forecast_Jan2022","2022M1","Periodic","A64000","Input","Import","None","D120","CTY241","None","PLT100","None","None","None","None",789.969125000
20,2026-07-09 17:46:50,"3.2","Finance","Jon Kunert","CO230","","BRL","Forecast_Jan2022","2022M1","Periodic","Non_Sub_ALC_Payers","Input","Import","None","D100","CTY241","None","PLT100","None","None","None","None",256.000000000
21,2026-07-09 17:46:50,"3.2","Finance","Jon Kunert","CO230","","BRL","Forecast_Jan2022","2022M1","Periodic","Resubs_1_to_11","Input","Import","None","D100","CTY241","None","PLT100","None","None","None","None",1195.000000000
22,2026-07-09 17:46:50,"3.2","Finance","Jon Kunert","CO230","","BRL","Forecast_Jan2022","2022M1","Periodic","A64000","Input","Import","None","D125","CTY241","None","PLT100","None","None","None","None",0.000000000
23,2026-07-09 17:46:50,"3.2","Finance","Jon Kunert","CO230","","BRL","Forecast_Jan2022","2022M1","Periodic","Starting_PMC","Input","Import","None","D100","CTY241","None","PLT100","None","None","None","None",28377.000000000
24,2026-07-09 17:46:50,"3.2","Finance","Jon Kunert","CO230","","BRL","Forecast_Jan2022","2022M1","Periodic","EndingHeadcount","Input","Import","None","D115","CTY241","None","None","None","None","None","None",14.000000000
25,2026-07-09 17:46:50,"3.2","Finance","Jon Kunert","CO230","","BRL","Forecast_Jan2022","2022M1","Periodic","A64000","Input","Import","None","D205","CTY241","None","PLT100","None","None","None","None",0.000000000
26,2026-07-09 17:46:50,"3.2","Finance","Jon Kunert","CO230","","BRL","Forecast_Jan2022","2022M1","Periodic","EndingHeadcount","Input","Import","None","D120","CTY241","None","None","None","None","None","None",1.000000000
27,2026-07-09 17:46:50,"3.2","Finance","Jon Kunert","CO230","","BRL","Forecast_Jan2022","2022M1","Periodic","A64000","Input","Import","None","D210","CTY241","None","PLT100","None","None","None","None",30109.499200000
28,2026-07-09 17:46:50,"3.2","Finance","Jon Kunert","CO230","","BRL","Forecast_Jan2022","2022M1","Periodic","StartingHeadcount","Input","Import","None","D115","CTY241","None","None","None","None","None","None",14.000000000
29,2026-07-09 17:46:50,"3.2","Finance","Jon Kunert","CO230","","BRL","Forecast_Jan2022","2022M1","Periodic","EndingHeadcount","Input","Import","None","D125","CTY241","None","None","None","None","None","None",1.000000000
30,2026-07-09 17:46:50,"3.2","Finance","Jon Kunert","CO230","","BRL","Forecast_Jan2022","2022M1","Periodic","A64000","Input","Import","None","D325","CTY241","None","PLT100","None","None","None","None",5884.431290000
31,2026-07-09 17:46:50,"3.2","Finance","Jon Kunert","CO230","","BRL","Forecast_Jan2022","2022M1","Periodic","StartingHeadcount","Input","Import","None","D120","CTY241","None","None","None","None","None","None",1.000000000
32,2026-07-09 17:46:50,"3.2","Finance","Jon Kunert","CO230","","BRL","Forecast_Jan2022","2022M1","Periodic","EndingHeadcount","Input","Import","None","D205","CTY241","None","None","None","None","None","None",2.000000000
33,2026-07-09 17:46:50,"3.2","Finance","Jon Kunert","CO230","","BRL","Forecast_Jan2022","2022M1","Periodic","StartingHeadcount","Input","Import","None","D125","CTY241","None","None","None","None","None","None",1.000000000
34,2026-07-09 17:46:50,"3.2","Finance","Jon Kunert","CO230","","BRL","Forecast_Jan2022","2022M1","Periodic","A64000","Input","Import","None","D340","CTY241","None","PLT100","None","None","None","None",13595.533600000
35,2026-07-09 17:46:50,"3.2","Finance","Jon Kunert","CO230","","BRL","Forecast_Jan2022","2022M1","Periodic","EndingHeadcount","Input","Import","None","D210","CTY241","None","None","None","None","None","None",5.000000000
36,2026-07-09 17:46:50,"3.2","Finance","Jon Kunert","CO230","","BRL","Forecast_Jan2022","2022M1","Periodic","StartingHeadcount","Input","Import","None","D205","CTY241","None","None","None","None","None","None",2.000000000
37,2026-07-09 17:46:50,"3.2","Finance","Jon Kunert","CO230","","BRL","Forecast_Jan2022","2022M1","Periodic","A64000","Input","Import","None","D340","CTY100","None","PLT100","None","None","None","None",0.000000000
38,2026-07-09 17:46:50,"3.2","Finance","Jon Kunert","CO230","","BRL","Forecast_Jan2022","2022M1","Periodic","EndingHeadcount","Input","Import","None","D325","CTY241","None","None","None","None","None","None",2.000000000
39,2026-07-09 17:46:50,"3.2","Finance","Jon Kunert","CO230","","BRL","Forecast_Jan2022","2022M1","Periodic","StartingHeadcount","Input","Import","None","D210","CTY241","None","None","None","None","None","None",5.000000000
40,2026-07-09 17:46:50,"3.2","Finance","Jon Kunert","CO230","","BRL","Forecast_Jan2022","2022M1","Periodic","EndingHeadcount","Input","Import","None","D340","CTY241","None","None","None","None","None","None",1.000000000
41,2026-07-09 17:46:50,"3.2","Finance","Jon Kunert","CO230","","BRL","Forecast_Jan2022","2022M1","Periodic","A65800","Input","Import","None","D115","CTY241","None","None","None","None","None","None",6943.700958343
42,2026-07-09 17:46:50,"3.2","Finance","Jon Kunert","CO230","","BRL","Forecast_Jan2022","2022M1","Periodic","StartingHeadcount","Input","Import","None","D325","CTY241","None","None","None","None","None","None",2.000000000
43,2026-07-09 17:46:50,"3.2","Finance","Jon Kunert","CO230","","BRL","Forecast_Jan2022","2022M1","Periodic","A65800","Input","Import","None","D120","CTY241","None","None","None","None","None","None",658.307604165
44,2026-07-09 17:46:50,"3.2","Finance","Jon Kunert","CO230","","BRL","Forecast_Jan2022","2022M1","Periodic","EndingHeadcount","Input","Import","None","D350","CTY241","None","None","None","None","None","None",2.000000000
45,2026-07-09 17:46:50,"3.2","Finance","Jon Kunert","CO230","","BRL","Forecast_Jan2022","2022M1","Periodic","StartingHeadcount","Input","Import","None","D340","CTY241","None","None","None","None","None","None",1.000000000
46,2026-07-09 17:46:50,"3.2","Finance","Jon Kunert","CO230","","BRL","Forecast_Jan2022","2022M1","Periodic","A65800","Input","Import","None","D125","CTY241","None","None","None","None","None","None",327.708333335
47,2026-07-09 17:46:50,"3.2","Finance","Jon Kunert","CO230","","BRL","Forecast_Jan2022","2022M1","Periodic","EndingHeadcount","Input","Import","None","D400","CTY241","None","None","None","None","None","None",9.000000000
48,2026-07-09 17:46:50,"3.2","Finance","Jon Kunert","CO230","","BRL","Forecast_Jan2022","2022M1","Periodic","StartingHeadcount","Input","Import","None","D350","CTY241","None","None","None","None","None","None",2.000000000
49,2026-07-09 17:46:50,"3.2","Finance","Jon Kunert","CO230","","BRL","Forecast_Jan2022","2022M1","Periodic","A65800","Input","Import","None","D205","CTY241","None","None","None","None","None","None",625.625000000
50,2026-07-09 17:46:50,"3.2","Finance","Jon Kunert","CO230","","BRL","Forecast_Jan2022","2022M1","Periodic","EndingHeadcount","Input","Import","None","D410","CTY241","None","None","None","None","None","None",4.000000000
51,2026-07-09 17:46:50,"3.2","Finance","Jon Kunert","CO230","","BRL","Forecast_Jan2022","2022M1","Periodic","StartingHeadcount","Input","Import","None","D400","CTY241","None","None","None","None","None","None",9.000000000
52,2026-07-09 17:46:50,"3.2","Finance","Jon Kunert","CO230","","BRL","Forecast_Jan2022","2022M1","Periodic","A65800","Input","Import","None","D210","CTY241","None","None","None","None","None","None",25418.957666670
53,2026-07-09 17:46:50,"3.2","Finance","Jon Kunert","CO230","","BRL","Forecast_Jan2022","2022M1","Periodic","StartingHeadcount","Input","Import","None","D410","CTY241","None","None","None","None","None","None",4.000000000
54,2026-07-09 17:46:50,"3.2","Finance","Jon Kunert","CO230","","BRL","Forecast_Jan2022","2022M1","Periodic","EndingHeadcount","Input","Import","None","D420","CTY241","None","None","None","None","None","None",3.000000000
55,2026-07-09 17:46:50,"3.2","Finance","Jon Kunert","CO230","","BRL","Forecast_Jan2022","2022M1","Periodic","A65800","Input","Import","None","D325","CTY241","None","None","None","None","None","None",4179.260479171
56,2026-07-09 17:46:50,"3.2","Finance","Jon Kunert","CO230","","BRL","Forecast_Jan2022","2022M1","Periodic","A65800","Input","Import","None","D340","CTY241","None","None","None","None","None","None",11329.611333335
57,2026-07-09 17:46:50,"3.2","Finance","Jon Kunert","CO230","","BRL","Forecast_Jan2022","2022M1","Periodic","StartingHeadcount","Input","Import","None","D420","CTY241","None","None","None","None","None","None",3.000000000
58,2026-07-09 17:46:50,"3.2","Finance","Jon Kunert","CO230","","BRL","Forecast_Jan2022","2022M1","Periodic","A65800","Input","Import","None","D350","CTY241","None","None","None","None","None","None",2967.896729164
59,2026-07-09 17:46:50,"3.2","Finance","Jon Kunert","CO230","","BRL","Forecast_Jan2022","2022M1","Periodic","A65800","Input","Import","None","D400","CTY241","None","None","None","None","None","None",13168.457958331
60,2026-07-09 17:46:50,"3.2","Finance","Jon Kunert","CO230","","BRL","Forecast_Jan2022","2022M1","Periodic","Sum_Ending_PMC","Input","Import","None","D100","CTY241","None","PLT100","None","None","None","None",893050.000000000
61,2026-07-09 17:46:50,"3.2","Finance","Jon Kunert","CO230","","BRL","Forecast_Jan2022","2022M1","Periodic","Term_Pool_1_to_11","Input","Import","None","D100","CTY241","None","PLT100","None","None","None","None",54310.000000000
62,2026-07-09 17:46:50,"3.2","Finance","Jon Kunert","CO230","","BRL","Forecast_Jan2022","2022M1","Periodic","Expiring_PMC","Input","Import","None","D100","CTY241","None","PLT100","None","None","None","None",10628.000000000
63,2026-07-09 17:46:50,"3.2","Finance","Jon Kunert","CO230","","BRL","Forecast_Jan2022","2022M1","Periodic","Terms","Input","Import","None","D100","CTY241","None","PLT100","None","None","None","None",6462.000000000
64,2026-07-09 17:46:50,"3.2","Finance","Jon Kunert","CO230","","BRL","Forecast_Jan2022","2022M1","Periodic","First_Time_Subs","Input","Import","None","D100","CTY241","None","PLT100","None","None","None","None",5016.000000000
65,2026-07-09 17:46:50,"3.2","Finance","Jon Kunert","CO230","","BRL","Forecast_Jan2022","2022M1","Periodic","FTS_1_to_11","Input","Import","None","D100","CTY241","None","PLT100","None","None","None","None",1704.000000000
66,2026-07-09 17:46:50,"3.2","Finance","Jon Kunert","CO230","","BRL","Forecast_Jan2022","2022M1","Periodic","A60500","Input","Import","None","D125","CTY241","None","PLT100","None","None","None","None",-119.166666700
67,2026-07-09 17:46:50,"3.2","Finance","Jon Kunert","CO230","","BRL","Forecast_Jan2022","2022M1","Periodic","A86800","Input","Import","None","D100","CTY241","None","PLT100","None","None","None","None",3757.000000000
68,2026-07-09 17:46:50,"3.2","Finance","Jon Kunert","CO230","","BRL","Forecast_Jan2022","2022M1","Periodic","In_Month_FTS","Input","Import","None","D100","CTY241","None","PLT100","Ch7000","None","None","None",1896.000000000
69,2026-07-09 17:46:50,"3.2","Finance","Jon Kunert","CO230","","BRL","Forecast_Jan2022","2022M1","Periodic","A60500","Input","Import","None","D205","CTY241","None","PLT100","None","None","None","None",-119.166666700
70,2026-07-09 17:46:50,"3.2","Finance","Jon Kunert","CO230","","BRL","Forecast_Jan2022","2022M1","Periodic","In_Month_FTS","Input","Import","None","D100","CTY241","None","PLT100","Ch7410","None","None","None",1135.000000000
71,2026-07-09 17:46:50,"3.2","Finance","Jon Kunert","CO230","","BRL","Forecast_Jan2022","2022M1","Periodic","A60500","Input","Import","None","D210","CTY241","None","PLT100","None","None","None","None",-9243.257333000
72,2026-07-09 17:46:50,"3.2","Finance","Jon Kunert","CO230","","BRL","Forecast_Jan2022","2022M1","Periodic","A86850","Input","Import","None","D100","CTY241","None","PLT100","None","None","None","None",23249.000000000
73,2026-07-09 17:46:50,"3.2","Finance","Jon Kunert","CO230","","BRL","Forecast_Jan2022","2022M1","Periodic","A60500","Input","Import","None","D325","CTY241","None","PLT100","None","None","None","None",-1519.731083000
74,2026-07-09 17:46:50,"3.2","Finance","Jon Kunert","CO230","","BRL","Forecast_Jan2022","2022M1","Periodic","In_Month_Resubs","Input","Import","None","D100","CTY241","None","PLT100","None","None","None","None",823.000000000
75,2026-07-09 17:46:50,"3.2","Finance","Jon Kunert","CO230","","BRL","Forecast_Jan2022","2022M1","Periodic","A86900","Input","Import","None","D100","CTY241","None","PLT100","None","None","None","None",-65130.000000000
76,2026-07-09 17:46:50,"3.2","Finance","Jon Kunert","CO230","","BRL","Forecast_Jan2022","2022M1","Periodic","A60500","Input","Import","None","D340","CTY241","None","PLT100","None","None","None","None",-4119.858667000
77,2026-07-09 17:46:50,"3.2","Finance","Jon Kunert","CO230","","BRL","Forecast_Jan2022","2022M1","Periodic","A60500","Input","Import","None","D350","CTY241","None","PLT100","None","None","None","None",-992.085250000
78,2026-07-09 17:46:50,"3.2","Finance","Jon Kunert","CO230","","BRL","Forecast_Jan2022","2022M1","Periodic","A60500","Input","Import","None","D400","CTY241","None","PLT100","None","None","None","None",-4680.196833000
79,2026-07-09 17:46:50,"3.2","Finance","Jon Kunert","CO230","","BRL","Forecast_Jan2022","2022M1","Periodic","A64210","Input","Import","None","D210","CTY241","None","PLT100","None","None","None","None",0.000000000
80,2026-07-09 17:46:50,"3.2","Finance","Jon Kunert","CO230","","BRL","Forecast_Jan2022","2022M1","Periodic","A50010","Input","Import","None","D100","CTY241","None","PLT100","None","None","None","None",23951.000000000
81,2026-07-09 17:46:50,"3.2","Finance","Jon Kunert","CO230","","BRL","Forecast_Jan2022","2022M1","Periodic","A64210","Input","Import","None","D325","CTY241","None","PLT100","None","None","None","None",0.000000000
82,2026-07-09 17:46:50,"3.2","Finance","Jon Kunert","CO230","","BRL","Forecast_Jan2022","2022M1","Periodic","A64210","Input","Import","None","D340","CTY241","None","PLT100","None","None","None","None",0.000000000
83,2026-07-09 17:46:50,"3.2","Finance","Jon Kunert","CO230","","BRL","Forecast_Jan2022","2022M1","Periodic","A50200","Input","Import","None","D130","CTY241","None","PLT100","None","None","None","None",38980.000000000
84,2026-07-09 17:46:50,"3.2","Finance","Jon Kunert","CO230","","BRL","Forecast_Jan2022","2022M1","Periodic","A64210","Input","Import","None","D350","CTY241","None","PLT100","None","None","None","None",0.000000000
85,2026-07-09 17:46:50,"3.2","Finance","Jon Kunert","CO230","","BRL","Forecast_Jan2022","2022M1","Periodic","A87990","Input","Import","CO100","D315","CTY100","None","None","None","None","None","None",-57028.616630000
86,2026-07-09 17:46:50,"3.2","Finance","Jon Kunert","CO230","","BRL","Forecast_Jan2022","2022M1","Periodic","A64210","Input","Import","None","D400","CTY241","None","PLT100","None","None","None","None",0.000000000
87,2026-07-09 17:46:50,"3.2","Finance","Jon Kunert","CO230","","BRL","Forecast_Jan2022","2022M1","Periodic","A87990","Input","Import","CO105","D315","CTY241","None","None","None","None","None","None",46442.590570000
88,2026-07-09 17:46:50,"3.2","Finance","Jon Kunert","CO230","","BRL","Forecast_Jan2022","2022M1","Periodic","A80000","Input","Import","None","D100","CTY241","None","PLT100","None","None","None","None",19252.000000000
89,2026-07-09 17:46:50,"3.2","Finance","Jon Kunert","CO230","","BRL","Forecast_Jan2022","2022M1","Periodic","A64210","Input","Import","None","D410","CTY241","None","PLT100","None","None","None","None",0.000000000
90,2026-07-09 17:46:50,"3.2","Finance","Jon Kunert","CO230","","BRL","Forecast_Jan2022","2022M1","Periodic","A87990","Input","Import","CO231","D315","CTY241","None","None","None","None","None","None",-0.019649414
91,2026-07-09 17:46:50,"3.2","Finance","Jon Kunert","CO230","","BRL","Forecast_Jan2022","2022M1","Periodic","A80100","Input","Import","None","D100","CTY241","None","PLT100","None","None","None","None",21115.000000000
92,2026-07-09 17:46:50,"3.2","Finance","Jon Kunert","CO230","","BRL","Forecast_Jan2022","2022M1","Periodic","A64210","Input","Import","None","D420","CTY241","None","PLT100","None","None","None","None",0.000000000
93,2026-07-09 17:46:50,"3.2","Finance","Jon Kunert","CO230","","BRL","Forecast_Jan2022","2022M1","Periodic","A64210","Input","Import","None","D340","CTY100","None","PLT100","None","None","None","None",0.000000000
94,2026-07-09 17:46:50,"3.2","Finance","Jon Kunert","CO230","","BRL","Forecast_Jan2022","2022M1","Periodic","A80110","Input","Import","None","D315","CTY241","None","PLT100","None","None","None","None",0.000000000
95,2026-07-09 17:46:50,"3.2","Finance","Jon Kunert","CO230","","BRL","Forecast_Jan2022","2022M1","Periodic","A89000","Input","Import","None","D355","CTY241","None","None","None","None","None","None",11014.463330000
96,2026-07-09 17:46:50,"3.2","Finance","Jon Kunert","CO230","","BRL","Forecast_Jan2022","2022M1","Periodic","A83007","Input","Import","None","D415","CTY100","None","PLT100","None","None","None","None",0.000000000
97,2026-07-09 17:46:50,"3.2","Finance","Jon Kunert","CO230","","BRL","Forecast_Jan2022","2022M1","Periodic","A60000","Input","Import","None","D400","CTY241","None","None","None","None","None","None",52673.831833326
98,2026-07-09 17:46:50,"3.2","Finance","Jon Kunert","CO230","","BRL","Forecast_Jan2022","2022M1","Periodic","A60000","Input","Import","None","D410","CTY241","None","None","None","None","None","None",54629.450333335
99,2026-07-09 17:46:50,"3.2","Finance","Jon Kunert","CO230","","BRL","Forecast_Jan2022","2022M1","Periodic","A89100","Input","Import","None","D355","CTY241","None","None","None","None","None","None",0.000000000
100,2026-07-09 17:46:50,"3.2","Finance","Jon Kunert","CO230","","BRL","Forecast_Jan2022","2022M1","Periodic","A60000","Input","Import","None","D420","CTY241","None","None","None","None","None","None",17047.898083336
101,2026-07-09 17:46:50,"3.2","Finance","Jon Kunert","CO230","","BRL","Forecast_Jan2022","2022M1","Periodic","A61002","Input","Import","None","D340","CTY100","None","PLT100","None","None","None","None",1669.392768000
102,2026-07-09 17:46:50,"3.2","Finance","Jon Kunert","CO230","","BRL","Forecast_Jan2022","2022M1","Periodic","A60000","Input","Import","None","D115","CTY241","None","None","None","None","None","None",27774.803833309
103,2026-07-09 17:46:50,"3.2","Finance","Jon Kunert","CO230","","BRL","Forecast_Jan2022","2022M1","Periodic","A60000","Input","Import","None","D120","CTY241","None","None","None","None","None","None",2633.230416666
104,2026-07-09 17:46:50,"3.2","Finance","Jon Kunert","CO230","","BRL","Forecast_Jan2022","2022M1","Periodic","Sub_ALC_Payers","Input","Import","None","D100","CTY241","None","PLT100","None","None","None","None",1201.000000000
105,2026-07-09 17:46:50,"3.2","Finance","Jon Kunert","CO230","","BRL","Forecast_Jan2022","2022M1","Periodic","A60000","Input","Import","None","D125","CTY241","None","None","None","None","None","None",1310.833333329
106,2026-07-09 17:46:50,"3.2","Finance","Jon Kunert","CO230","","BRL","Forecast_Jan2022","2022M1","Periodic","A60000","Input","Import","None","D205","CTY241","None","None","None","None","None","None",2502.499999994
107,2026-07-09 17:46:50,"3.2","Finance","Jon Kunert","CO230","","BRL","Forecast_Jan2022","2022M1","Periodic","A40000","Input","Import","None","D100","CTY241","None","PLT100","None","None","None","None",304792.000000000
108,2026-07-09 17:46:50,"3.2","Finance","Jon Kunert","CO230","","BRL","Forecast_Jan2022","2022M1","Periodic","A60000","Input","Import","None","D210","CTY241","None","None","None","None","None","None",101675.830666664
109,2026-07-09 17:46:50,"3.2","Finance","Jon Kunert","CO230","","BRL","Forecast_Jan2022","2022M1","Periodic","A40000","Input","Import","None","D100","CTY241","None","PLT200","None","None","None","None",133739.000000000
110,2026-07-09 17:46:50,"3.2","Finance","Jon Kunert","CO230","","BRL","Forecast_Jan2022","2022M1","Periodic","A60000","Input","Import","None","D325","CTY241","None","None","None","None","None","None",16717.041916663
111,2026-07-09 17:46:50,"3.2","Finance","Jon Kunert","CO230","","BRL","Forecast_Jan2022","2022M1","Periodic","A40000","Input","Import","None","D100","CTY241","None","PLT300","None","None","None","None",336878.000000000
112,2026-07-09 17:46:50,"3.2","Finance","Jon Kunert","CO230","","BRL","Forecast_Jan2022","2022M1","Periodic","A60000","Input","Import","None","D340","CTY241","None","None","None","None","None","None",45318.445333329
113,2026-07-09 17:46:50,"3.2","Finance","Jon Kunert","CO230","","BRL","Forecast_Jan2022","2022M1","Periodic","A60500","Input","Import","None","D410","CTY241","None","PLT100","None","None","None","None",-4966.313667000
114,2026-07-09 17:46:50,"3.2","Finance","Jon Kunert","CO230","","BRL","Forecast_Jan2022","2022M1","Periodic","A60500","Input","Import","None","D420","CTY241","None","PLT100","None","None","None","None",-1549.808917000
115,2026-07-09 17:46:50,"3.2","Finance","Jon Kunert","CO230","","BRL","Forecast_Jan2022","2022M1","Periodic","A40000","Input","Import","None","D100","CTY241","None","PLT500","None","None","None","None",32592.000000000
116,2026-07-09 17:46:50,"3.2","Finance","Jon Kunert","CO230","","BRL","Forecast_Jan2022","2022M1","Periodic","A80300","Input","Import","None","D100","CTY241","None","PLT100","None","None","None","None",25482.000000000
117,2026-07-09 17:46:50,"3.2","Finance","Jon Kunert","CO230","","BRL","Forecast_Jan2022","2022M1","Periodic","A81000","Input","Import","None","D100","CTY241","None","PLT100","None","None","None","None",19470.000000000
118,2026-07-09 17:46:50,"3.2","Finance","Jon Kunert","CO230","","BRL","Forecast_Jan2022","2022M1","Periodic","A70000","Input","Import","None","D210","CTY241","None","PLT100","Ch9947","None","None","None",20000.000000000
119,2026-07-09 17:46:50,"3.2","Finance","Jon Kunert","CO230","","BRL","Forecast_Jan2022","2022M1","Periodic","A70000","Input","Import","None","D210","CTY241","None","PLT100","None","None","None","None",200000.000000000
120,2026-07-09 17:46:50,"3.2","Finance","Jon Kunert","CO230","","BRL","Forecast_Jan2022","2022M1","Periodic","A86330","Input","Import","None","D100","CTY241","None","PLT100","None","None","None","None",8520.000000000
121,2026-07-09 17:46:50,"3.2","Finance","Jon Kunert","CO230","","BRL","Forecast_Jan2022","2022M1","Periodic","A81000","Input","Import","None","D355","CTY241","None","None","Ch9951","None","None","None",4030.160000000
122,2026-07-09 17:46:50,"3.2","Finance","Jon Kunert","CO230","","BRL","Forecast_Jan2022","2022M1","Periodic","Balance","Input","Import","None","None","None","None","None","None","None","None","None",-644659.015513187
123,2026-07-09 17:46:50,"3.2","Finance","Jon Kunert","CO230","","BRL","Forecast_Jan2022","2022M1","Periodic","A81110","Input","Import","None","D100","CTY241","None","PLT100","None","None","None","None",19628.000000000
124,2026-07-09 17:46:50,"3.2","Finance","Jon Kunert","CO230","","BRL","Forecast_Jan2022","2022M1","Periodic","A72000","Input","Import","None","D205","CTY241","None","PLT100","Ch7750","None","None","None",7937.000000000
125,2026-07-09 17:46:50,"3.2","Finance","Jon Kunert","CO230","","BRL","Forecast_Jan2022","2022M1","Periodic","A72000","Input","Import","None","D205","CTY241","None","PLT100","Ch7760","None","None","None",184103.000000000
126,2026-07-09 17:46:50,"3.2","Finance","Jon Kunert","CO230","","BRL","Forecast_Jan2022","2022M1","Periodic","A81610","Input","Import","None","D100","CTY241","None","PLT100","None","None","None","None",13846.000000000
127,2026-07-09 17:46:50,"3.2","Finance","Jon Kunert","CO230","","BRL","Forecast_Jan2022","2022M1","Periodic","CurEarnings","Input","Import","None","None","None","None","None","None","None","None","None",-644659.015513187
128,2026-07-09 17:46:50,"3.2","Finance","Jon Kunert","CO230","","BRL","Forecast_Jan2022","2022M1","Periodic","A72000","Input","Import","None","D205","CTY241","None","PLT100","Ch7780","None","None","None",128450.000000000
129,2026-07-09 17:46:50,"3.2","Finance","Jon Kunert","CO230","","BRL","Forecast_Jan2022","2022M1","Periodic","A81620","Input","Import","None","D100","CTY241","None","PLT100","None","None","None","None",7000.000000000
130,2026-07-09 17:46:50,"3.2","Finance","Jon Kunert","CO230","","BRL","Forecast_Jan2022","2022M1","Periodic","A73000","Input","Import","None","D210","CTY241","None","PLT100","None","None","None","None",30000.000000000
131,2026-07-09 17:46:50,"3.2","Finance","Jon Kunert","CO230","","BRL","Forecast_Jan2022","2022M1","Periodic","A60000","Input","Import","None","D350","CTY241","None","None","None","None","None","None",11871.586916669
132,2026-07-09 17:46:50,"3.2","Finance","Jon Kunert","CO230","","BRL","Forecast_Jan2022","2022M1","Periodic","A64210","Input","Import","None","D115","CTY241","None","PLT100","None","None","None","None",0.000000000
133,2026-07-09 17:46:50,"3.2","Finance","Jon Kunert","CO230","","BRL","Forecast_Jan2022","2022M1","Periodic","A73010","Input","Import","None","D210","CTY241","None","PLT100","None","None","None","None",100000.000000000
134,2026-07-09 17:46:50,"3.2","Finance","Jon Kunert","CO230","","BRL","Forecast_Jan2022","2022M1","Periodic","A64210","Input","Import","None","D120","CTY241","None","PLT100","None","None","None","None",0.000000000
135,2026-07-09 17:46:50,"3.2","Finance","Jon Kunert","CO230","","BRL","Forecast_Jan2022","2022M1","Periodic","A60500","Input","Import","None","D115","CTY241","None","PLT100","None","None","None","None",-2199.982167000
136,2026-07-09 17:46:50,"3.2","Finance","Jon Kunert","CO230","","BRL","Forecast_Jan2022","2022M1","Periodic","A60500","Input","Import","None","D120","CTY241","None","PLT100","None","None","None","None",-239.384583300
137,2026-07-09 17:46:50,"3.2","Finance","Jon Kunert","CO230","","BRL","Forecast_Jan2022","2022M1","Periodic","A64210","Input","Import","None","D125","CTY241","None","PLT100","None","None","None","None",0.000000000
138,2026-07-09 17:46:50,"3.2","Finance","Jon Kunert","CO230","","BRL","Forecast_Jan2022","2022M1","Periodic","A74000","Input","Import","None","D130","CTY241","None","PLT500","None","None","None","None",27029.000000000
139,2026-07-09 17:46:50,"3.2","Finance","Jon Kunert","CO230","","BRL","Forecast_Jan2022","2022M1","Periodic","A64210","Input","Import","None","D205","CTY241","None","PLT100","None","None","None","None",0.000000000
140,2026-07-09 17:46:50,"3.2","Finance","Jon Kunert","CO230","","BRL","Forecast_Jan2022","2022M1","Periodic","A84000","Input","Import","None","D100","CTY241","None","PLT100","None","None","None","None",30000.000000000
141,2026-07-09 17:46:50,"3.2","Finance","Jon Kunert","CO230","","BRL","Forecast_Jan2022","2022M1","Periodic","A84010","Input","Import","None","D100","CTY241","None","PLT100","None","None","None","None",-173.000000000
142,2026-07-09 17:46:50,"3.2","Finance","Jon Kunert","CO230","","BRL","Forecast_Jan2022","2022M1","Periodic","A84210","Input","Import","None","D100","CTY241","None","PLT100","None","None","None","None",15000.000000000
143,2026-07-09 17:46:50,"3.2","Finance","Jon Kunert","CO230","","BRL","Forecast_Jan2022","2022M1","Periodic","A84500","Input","Import","None","D100","CTY241","None","PLT100","None","None","None","None",5000.000000000
144,2026-07-09 17:46:50,"3.2","Finance","Jon Kunert","CO230","","BRL","Forecast_Jan2022","2022M1","Periodic","A85100","Input","Import","None","D100","CTY241","None","PLT100","None","None","None","None",8452.000000000
145,2026-07-09 17:46:50,"3.2","Finance","Jon Kunert","CO230","","BRL","Forecast_Jan2022","2022M1","Periodic","A85110","Input","Import","None","D100","CTY241","None","PLT100","None","None","None","None",3000.000000000
146,2026-07-09 17:46:50,"3.2","Finance","Jon Kunert","CO230","","BRL","Forecast_Jan2022","2022M1","Periodic","A86310","Input","Import","None","D100","CTY241","None","PLT100","None","None","None","None",1052.000000000
147,2026-07-09 17:46:50,"3.2","Finance","Jon Kunert","CO230","","BRL","Forecast_Jan2022","2022M1","Periodic","A69000","EMEA APAC_IN","Forms","CO260","D350","CTY301","None","PLT100","None","None","None","None",4158.444190453
148,2026-07-09 17:46:50,"3.2","Finance","Jon Kunert","CO230","","BRL","Forecast_Jan2022","2022M1","Periodic","EndingHeadcount","EMEA APAC_IN","Forms","None","D350","CTY301","None","PLT100","None","None","None","None",0.100000000
149,2026-07-09 17:46:50,"3.2","Finance","Jon Kunert","CO230","","BRL","Forecast_Jan2022","2022M1","Periodic","A86900","EMEA APAC_IN","Forms","CO105","D340","CTY100","None","PLT100","None","None","None","None",69379.802383196
150,2026-07-09 17:46:50,"3.2","Finance","Jon Kunert","CO230","","BRL","Forecast_Jan2022","2022M1","Periodic","MeritRate","Input","Forms","None","None","None","None","None","None","None","None","None",0.100000000
151,2026-07-09 17:46:50,"3.2","Finance","Jon Kunert","CO230","","BRL","Forecast_Jan2022","2022M1","Periodic","FringeRate","Input","Forms","None","None","None","None","None","None","None","None","None",0.250000000
152,2026-07-09 17:46:50,"3.2","Finance","Jon Kunert","CO230","","BRL","Forecast_Jan2022","2022M1","Periodic","Performance","Input","Forms","None","None","None","None","None","None","None","None","None",1.000000000
153,2026-07-09 17:46:50,"3.2","Finance","Jon Kunert","CO230","","BRL","Forecast_Jan2022","2022M1","Periodic","DaysPerMonth","Input","Forms","None","None","None","None","None","None","None","None","None",30.000000000
154,2026-07-09 17:46:50,"3.2","Finance","Jon Kunert","CO230","","BRL","Forecast_Jan2022","2022M1","Periodic","Balance","Input","Forms","None","None","None","None","None","None","None","None","None",-73538.246573649
155,2026-07-09 17:46:50,"3.2","Finance","Jon Kunert","CO230","","BRL","Forecast_Jan2022","2022M1","Periodic","CurEarnings","Input","Forms","None","None","None","None","None","None","None","None","None",-73538.246573649
